<application>
  <component name="ProjectManager">
    <defaultProject>
      <component name="GOROOT" path="D:/Program Files/Go" />
      <component name="GoLibraries">
        <option name="urls">
          <list>
            <option value="file://D:/lillusory/Go/goland" />
          </list>
        </option>
      </component>
      <component name="PropertiesComponent">
        <property name="configurable.Global.GOPATH.is.expanded" value="true" />
        <property name="configurable.Project.GOPATH.is.expanded" value="true" />
        <property name="go.import.settings.migrated" value="true" />
        <property name="nodejs_interpreter_path.stuck_in_default_project" value="undefined stuck path" />
        <property name="nodejs_npm_path_reset_for_default_project" value="true" />
        <property name="settings.editor.selected.configurable" value="preferences.sourceCode.Go" />
      </component>
    </defaultProject>
  </component>
</application>